Date,Trade Volume,Trade Value,Opening Price,Highest Price,Lowest Price,Closing Price,Change,Transaction,title
2020/01/02,"33,282,120","11,224,165,450",332.50,339.00,332.50,339.00,+8.00,"17,160",2020/01  Daily Trading Value/Volume of 2330 
2020/01/03,"42,023,268","14,295,651,580",344.00,345.00,335.50,339.50,+0.50,"20,545",2020/01  Daily Trading Value/Volume of 2330 
2020/01/06,"45,677,057","15,210,531,318",333.00,334.50,332.00,332.00,-7.50,"22,944",2020/01  Daily Trading Value/Volume of 2330 
2020/01/07,"51,746,181","17,053,282,011",332.50,333.00,326.50,329.50,-2.50,"22,362",2020/01  Daily Trading Value/Volume of 2330 
2020/01/08,"37,913,748","12,484,410,088",325.00,333.00,325.00,329.50, 0.00,"18,228",2020/01  Daily Trading Value/Volume of 2330 
2020/01/09,"32,397,504","10,890,847,940",335.00,337.50,333.50,337.50,+8.00,"16,793",2020/01  Daily Trading Value/Volume of 2330 
2020/01/10,"27,880,115","9,432,320,316",340.50,341.00,336.00,339.50,+2.00,"13,296",2020/01  Daily Trading Value/Volume of 2330 
2020/01/13,"30,663,332","10,455,852,739",342.00,342.00,339.00,341.50,+2.00,"13,457",2020/01  Daily Trading Value/Volume of 2330 
2020/01/14,"30,368,993","10,488,360,978",345.50,346.00,344.50,346.00,+4.50,"16,339",2020/01  Daily Trading Value/Volume of 2330 
2020/01/15,"54,575,274","18,590,754,206",345.00,345.00,337.50,340.00,-6.00,"20,392",2020/01  Daily Trading Value/Volume of 2330 
2020/01/16,"58,217,420","19,431,133,895",330.00,336.50,330.00,334.50,-5.50,"24,721",2020/01  Daily Trading Value/Volume of 2330 
2020/01/17,"53,908,097","17,977,119,406",334.00,335.50,332.00,333.00,-1.50,"23,954",2020/01  Daily Trading Value/Volume of 2330 
2020/01/20,"35,551,203","11,865,436,839",334.00,335.50,333.00,333.00, 0.00,"15,095",2020/01  Daily Trading Value/Volume of 2330 
2020/01/30,"126,820,049","40,734,449,874",326.00,326.00,316.50,316.50,-16.50,"55,603",2020/01  Daily Trading Value/Volume of 2330 
2020/01/31,"62,912,055","20,205,365,710",323.00,323.50,319.00,320.00,+3.50,"22,639",2020/01  Daily Trading Value/Volume of 2330 
2020/02/03,"59,711,849","18,782,694,826",315.00,316.50,312.00,315.00,-5.00,"26,483",2020/02  Daily Trading Value/Volume of 2330 
2020/02/04,"52,208,496","16,882,411,296",319.00,326.00,318.00,325.00,+10.00,"22,587",2020/02  Daily Trading Value/Volume of 2330 
2020/02/05,"36,601,453","11,985,817,083",329.00,329.50,324.50,327.50,+2.50,"16,656",2020/02  Daily Trading Value/Volume of 2330 
2020/02/06,"29,659,094","9,803,038,836",329.50,332.50,329.00,332.50,+5.00,"14,246",2020/02  Daily Trading Value/Volume of 2330 
2020/02/07,"30,055,327","9,869,903,253",330.00,330.50,326.00,328.00,-4.50,"13,075",2020/02  Daily Trading Value/Volume of 2330 
2020/02/10,"30,814,424","10,024,967,927",321.50,328.00,321.00,327.50,-0.50,"14,825",2020/02  Daily Trading Value/Volume of 2330 
2020/02/11,"29,062,935","9,629,938,182",330.50,332.50,330.00,331.50,+4.00,"12,766",2020/02  Daily Trading Value/Volume of 2330 
2020/02/12,"37,612,639","12,593,082,711",333.50,336.00,333.00,335.00,+3.50,"17,394",2020/02  Daily Trading Value/Volume of 2330 
2020/02/13,"23,217,021","7,805,299,096",338.00,338.00,335.00,335.00, 0.00,"12,563",2020/02  Daily Trading Value/Volume of 2330 
2020/02/14,"18,326,683","6,155,862,838",337.00,337.00,334.50,335.00, 0.00,"7,881",2020/02  Daily Trading Value/Volume of 2330 
2020/02/17,"16,145,079","5,354,339,726",331.50,333.00,330.50,331.50,-3.50,"9,747",2020/02  Daily Trading Value/Volume of 2330 
2020/02/18,"64,662,604","20,957,801,150",324.50,326.50,322.00,322.00,-9.50,"36,520",2020/02  Daily Trading Value/Volume of 2330 
2020/02/19,"48,856,218","15,881,609,046",322.50,327.00,322.00,326.50,+4.50,"16,003",2020/02  Daily Trading Value/Volume of 2330 
2020/02/20,"27,061,736","8,832,642,641",328.00,329.00,325.00,325.50,-1.00,"11,695",2020/02  Daily Trading Value/Volume of 2330 
2020/02/21,"22,974,534","7,463,007,621",325.50,326.50,323.00,325.00,-0.50,"9,342",2020/02  Daily Trading Value/Volume of 2330 
2020/02/24,"42,946,680","13,754,512,932",319.50,321.50,319.50,320.00,-5.00,"18,902",2020/02  Daily Trading Value/Volume of 2330 
2020/02/25,"38,674,011","12,425,785,349",320.00,323.50,317.50,322.00,+2.00,"17,366",2020/02  Daily Trading Value/Volume of 2330 
2020/02/26,"60,768,362","19,341,695,595",317.00,320.50,316.50,318.50,-3.50,"24,310",2020/02  Daily Trading Value/Volume of 2330 
2020/02/27,"62,401,927","19,756,146,876",319.00,320.00,315.00,316.00,-2.50,"20,633",2020/02  Daily Trading Value/Volume of 2330 
2020/03/02,"86,372,942","26,864,484,400",308.00,317.00,308.00,311.00,-5.00,"35,320",2020/03  Daily Trading Value/Volume of 2330 
2020/03/03,"55,169,411","17,534,766,696",318.50,320.00,316.00,317.50,+6.50,"20,713",2020/03  Daily Trading Value/Volume of 2330 
2020/03/04,"44,745,146","14,304,795,666",322.00,322.00,317.00,320.50,+3.00,"16,118",2020/03  Daily Trading Value/Volume of 2330 
2020/03/05,"38,223,525","12,392,618,100",325.00,326.00,323.00,323.00,+2.50,"15,107",2020/03  Daily Trading Value/Volume of 2330 
2020/03/06,"52,807,760","16,733,485,610",320.00,320.50,315.00,315.00,-8.00,"24,175",2020/03  Daily Trading Value/Volume of 2330 
2020/03/09,"88,633,277","27,236,002,054",307.50,310.00,305.50,305.50,-9.50,"44,882",2020/03  Daily Trading Value/Volume of 2330 
2020/03/10,"74,869,130","22,727,941,511",301.50,309.00,301.00,307.00,+1.50,"30,268",2020/03  Daily Trading Value/Volume of 2330 
2020/03/11,"64,923,710","19,913,151,529",309.00,310.50,302.00,302.00,-5.00,"27,176",2020/03  Daily Trading Value/Volume of 2330 
2020/03/12,"114,173,351","33,544,278,206",299.00,299.00,287.00,294.00,-8.00,"56,989",2020/03  Daily Trading Value/Volume of 2330 
2020/03/13,"151,268,148","42,448,997,546",275.00,294.00,272.50,290.00,-4.00,"71,990",2020/03  Daily Trading Value/Volume of 2330 
2020/03/16,"103,933,228","29,343,288,916",285.00,291.00,275.50,276.50,-13.50,"51,292",2020/03  Daily Trading Value/Volume of 2330 
2020/03/17,"122,409,651","32,936,712,540",265.00,276.50,265.00,268.00,-8.50,"57,123",2020/03  Daily Trading Value/Volume of 2330 
2020/03/18,"118,620,643","31,555,231,792",269.50,272.50,260.00,260.00,-8.00,"53,985",2020/03  Daily Trading Value/Volume of 2330 
2020/03/19,"160,811,697","39,559,889,553",252.00,253.00,235.50,248.00,X0.00,"77,302",2020/03  Daily Trading Value/Volume of 2330 
2020/03/20,"159,179,726","42,110,816,042",258.50,270.00,256.00,270.00,+22.00,"69,829",2020/03  Daily Trading Value/Volume of 2330 
2020/03/23,"76,963,709","19,851,467,203",257.00,262.50,252.00,255.00,-15.00,"41,621",2020/03  Daily Trading Value/Volume of 2330 
2020/03/24,"82,377,933","22,207,033,614",268.00,274.00,266.00,267.50,+12.50,"41,077",2020/03  Daily Trading Value/Volume of 2330 
2020/03/25,"80,514,199","22,368,633,590",276.50,280.00,274.00,277.00,+9.50,"40,932",2020/03  Daily Trading Value/Volume of 2330 
2020/03/26,"54,189,633","15,108,299,935",279.50,280.00,275.50,280.00,+3.00,"27,648",2020/03  Daily Trading Value/Volume of 2330 
2020/03/27,"69,320,306","19,324,060,590",284.00,286.00,273.00,273.00,-7.00,"36,025",2020/03  Daily Trading Value/Volume of 2330 
2020/03/30,"53,403,956","14,205,364,184",263.50,269.00,262.50,267.50,-5.50,"27,779",2020/03  Daily Trading Value/Volume of 2330 
2020/03/31,"53,901,923","14,712,557,472",273.00,274.00,269.50,274.00,+6.50,"20,343",2020/03  Daily Trading Value/Volume of 2330 
2020/04/01,"47,572,034","13,022,612,818",276.50,276.50,271.50,271.50,-2.50,"19,580",2020/04  Daily Trading Value/Volume of 2330 
2020/04/06,"59,712,754","16,324,198,154",273.00,275.50,270.00,275.50,+4.00,"19,971",2020/04  Daily Trading Value/Volume of 2330 
2020/04/07,"48,887,346","13,817,936,851",283.50,284.00,280.50,283.00,+7.50,"24,281",2020/04  Daily Trading Value/Volume of 2330 
2020/04/08,"38,698,826","11,016,972,354",285.00,285.50,283.00,285.00,+2.00,"19,126",2020/04  Daily Trading Value/Volume of 2330 
2020/04/09,"29,276,430","8,346,209,654",287.50,288.00,282.50,283.00,-2.00,"15,271",2020/04  Daily Trading Value/Volume of 2330 
2020/04/10,"28,206,858","7,894,277,586",280.00,282.00,279.00,279.50,-3.50,"15,833",2020/04  Daily Trading Value/Volume of 2330 
2020/04/13,"22,196,596","6,202,532,380",278.50,281.50,278.50,278.50,-1.00,"12,809",2020/04  Daily Trading Value/Volume of 2330 
2020/04/14,"50,196,688","14,268,689,661",281.00,285.50,280.00,285.00,+6.50,"22,214",2020/04  Daily Trading Value/Volume of 2330 
2020/04/15,"58,561,434","16,819,851,630",287.00,288.50,286.00,287.50,+2.50,"25,696",2020/04  Daily Trading Value/Volume of 2330 
2020/04/16,"48,257,280","13,813,721,932",283.00,288.50,283.00,286.50,-1.00,"19,084",2020/04  Daily Trading Value/Volume of 2330 
2020/04/17,"117,447,201","35,719,172,728",303.50,308.50,300.50,306.50,+20.00,"60,873",2020/04  Daily Trading Value/Volume of 2330 
2020/04/20,"44,586,860","13,605,802,989",308.00,309.00,302.50,304.00,-2.50,"21,791",2020/04  Daily Trading Value/Volume of 2330 
2020/04/21,"61,949,357","18,417,786,171",300.50,301.50,293.50,295.00,-9.00,"39,043",2020/04  Daily Trading Value/Volume of 2330 
2020/04/22,"43,568,580","12,746,170,556",294.50,295.00,290.50,294.00,-1.00,"25,176",2020/04  Daily Trading Value/Volume of 2330 
2020/04/23,"39,977,278","11,864,085,990",300.00,300.00,294.00,295.50,+1.50,"18,541",2020/04  Daily Trading Value/Volume of 2330 
2020/04/24,"26,465,090","7,799,075,756",295.50,297.00,294.00,294.00,-1.50,"13,661",2020/04  Daily Trading Value/Volume of 2330 
2020/04/27,"38,493,406","11,461,378,300",298.00,298.50,296.00,298.00,+4.00,"15,916",2020/04  Daily Trading Value/Volume of 2330 
2020/04/28,"37,621,165","11,134,919,970",298.50,298.50,294.50,296.50,-1.50,"18,214",2020/04  Daily Trading Value/Volume of 2330 
2020/04/29,"46,253,301","13,861,245,296",299.00,301.50,298.00,299.00,+2.50,"21,633",2020/04  Daily Trading Value/Volume of 2330 
2020/04/30,"58,439,085","17,753,466,901",302.00,305.00,301.50,304.50,+5.50,"26,219",2020/04  Daily Trading Value/Volume of 2330 
2020/05/04,"72,252,861","21,341,931,218",294.50,296.50,294.00,295.00,-9.50,"37,736",2020/05  Daily Trading Value/Volume of 2330 
2020/05/05,"23,988,405","7,104,774,785",296.50,298.00,295.00,295.50,+0.50,"13,569",2020/05  Daily Trading Value/Volume of 2330 
2020/05/06,"35,704,479","10,524,838,077",294.50,296.00,292.50,296.00,+0.50,"16,046",2020/05  Daily Trading Value/Volume of 2330 
2020/05/07,"28,017,198","8,321,170,642",294.50,299.00,294.50,297.50,+1.50,"13,149",2020/05  Daily Trading Value/Volume of 2330 
2020/05/08,"35,613,893","10,619,091,212",300.00,300.00,296.00,297.50, 0.00,"14,345",2020/05  Daily Trading Value/Volume of 2330 
2020/05/11,"32,379,019","9,729,431,840",300.00,301.50,298.50,301.00,+3.50,"14,920",2020/05  Daily Trading Value/Volume of 2330 
2020/05/12,"52,494,788","15,553,012,596",297.50,298.50,295.00,295.00,-6.00,"29,073",2020/05  Daily Trading Value/Volume of 2330 
2020/05/13,"46,158,418","13,619,538,824",293.00,297.00,292.50,297.00,+2.00,"14,555",2020/05  Daily Trading Value/Volume of 2330 
2020/05/14,"34,480,948","10,119,787,160",293.00,295.00,292.50,293.00,-4.00,"21,482",2020/05  Daily Trading Value/Volume of 2330 
2020/05/15,"44,304,804","13,170,466,660",297.50,298.50,294.50,298.00,+5.00,"20,071",2020/05  Daily Trading Value/Volume of 2330 
2020/05/18,"96,872,065","28,216,346,996",291.00,293.50,290.00,290.00,-8.00,"49,640",2020/05  Daily Trading Value/Volume of 2330 
2020/05/19,"53,083,214","15,527,338,138",294.00,294.00,291.50,291.50,+1.50,"22,033",2020/05  Daily Trading Value/Volume of 2330 
2020/05/20,"36,789,994","10,772,280,152",293.00,294.00,291.00,294.00,+2.50,"16,906",2020/05  Daily Trading Value/Volume of 2330 
2020/05/21,"36,299,468","10,782,482,962",296.00,298.00,295.00,297.50,+3.50,"17,064",2020/05  Daily Trading Value/Volume of 2330 
2020/05/22,"41,138,923","12,025,339,565",294.50,295.00,291.00,292.00,-5.50,"22,345",2020/05  Daily Trading Value/Volume of 2330 
2020/05/25,"32,942,223","9,568,008,388",290.50,293.00,288.50,292.00, 0.00,"14,585",2020/05  Daily Trading Value/Volume of 2330 
2020/05/26,"35,817,481","10,609,868,646",295.00,297.50,293.50,295.50,+3.50,"19,524",2020/05  Daily Trading Value/Volume of 2330 
2020/05/27,"23,375,959","6,932,934,823",297.00,298.00,295.50,296.50,+1.00,"11,244",2020/05  Daily Trading Value/Volume of 2330 
2020/05/28,"32,395,568","9,575,118,830",298.50,298.50,293.00,294.00,-2.50,"13,208",2020/05  Daily Trading Value/Volume of 2330 
2020/05/29,"96,611,181","28,172,174,547",292.00,292.50,290.00,292.00,-2.00,"21,037",2020/05  Daily Trading Value/Volume of 2330 
2020/06/01,"37,936,214","11,205,227,094",294.00,296.50,293.50,295.50,+3.50,"15,502",2020/06  Daily Trading Value/Volume of 2330 
2020/06/02,"26,663,587","7,908,476,089",296.00,297.50,296.00,296.50,+1.00,"9,743",2020/06  Daily Trading Value/Volume of 2330 
2020/06/03,"67,894,337","20,354,971,677",300.00,301.00,298.00,301.00,+4.50,"33,062",2020/06  Daily Trading Value/Volume of 2330 
2020/06/04,"47,225,322","14,414,983,532",305.00,306.00,304.00,306.00,+5.00,"24,482",2020/06  Daily Trading Value/Volume of 2330 
2020/06/05,"44,077,262","13,655,618,646",308.50,312.00,308.00,311.50,+5.50,"24,096",2020/06  Daily Trading Value/Volume of 2330 
2020/06/08,"52,042,921","16,500,836,851",316.00,319.00,315.00,318.00,+6.50,"28,581",2020/06  Daily Trading Value/Volume of 2330 
2020/06/09,"37,068,082","11,746,874,522",316.50,319.00,314.00,319.00,+1.00,"19,981",2020/06  Daily Trading Value/Volume of 2330 
2020/06/10,"42,207,259","13,566,733,306",319.00,324.00,318.00,322.50,+3.50,"22,670",2020/06  Daily Trading Value/Volume of 2330 
2020/06/11,"50,612,255","16,340,456,218",325.50,327.00,318.50,320.50,-2.00,"27,061",2020/06  Daily Trading Value/Volume of 2330 
2020/06/12,"46,970,918","14,811,252,573",313.00,317.50,312.50,316.00,-4.50,"25,263",2020/06  Daily Trading Value/Volume of 2330 
2020/06/15,"51,032,404","15,955,585,136",316.00,317.50,308.50,309.50,-6.50,"29,255",2020/06  Daily Trading Value/Volume of 2330 
2020/06/16,"40,725,216","12,823,172,756",317.00,317.00,314.00,315.00,+5.50,"19,377",2020/06  Daily Trading Value/Volume of 2330 
2020/06/17,"34,692,968","10,922,017,056",316.50,317.00,313.50,315.00, 0.00,"16,218",2020/06  Daily Trading Value/Volume of 2330 
2020/06/18,"35,443,474","11,123,108,346",314.50,315.00,313.00,314.50,X0.00,"11,897",2020/06  Daily Trading Value/Volume of 2330 
2020/06/19,"48,130,280","15,102,300,186",314.00,314.50,312.00,314.50, 0.00,"12,915",2020/06  Daily Trading Value/Volume of 2330 
2020/06/22,"37,374,616","11,722,688,924",314.50,316.50,312.00,312.00,-2.50,"18,836",2020/06  Daily Trading Value/Volume of 2330 
2020/06/23,"41,300,084","12,981,121,544",316.00,316.50,312.50,315.00,+3.00,"15,959",2020/06  Daily Trading Value/Volume of 2330 
2020/06/24,"55,464,024","17,641,164,202",319.00,320.00,316.00,317.50,+2.50,"27,086",2020/06  Daily Trading Value/Volume of 2330 
2020/06/29,"56,672,892","17,695,228,688",314.00,315.00,310.00,312.00,-5.50,"30,558",2020/06  Daily Trading Value/Volume of 2330 
2020/06/30,"49,241,860","15,386,428,040",313.50,314.00,311.00,313.00,+1.00,"16,165",2020/06  Daily Trading Value/Volume of 2330 
2020/07/01,"29,685,342","9,400,765,756",315.00,318.00,314.00,317.50,+4.50,"15,617",2020/07  Daily Trading Value/Volume of 2330 
2020/07/02,"37,789,178","12,119,073,560",319.00,322.00,318.00,322.00,+4.50,"18,355",2020/07  Daily Trading Value/Volume of 2330 
2020/07/03,"55,656,987","18,280,314,743",327.00,330.50,326.50,329.50,+7.50,"30,235",2020/07  Daily Trading Value/Volume of 2330 
2020/07/06,"57,256,220","19,200,718,243",332.50,338.00,332.00,338.00,+8.50,"31,866",2020/07  Daily Trading Value/Volume of 2330 
2020/07/07,"59,046,323","20,143,258,406",343.50,346.00,338.00,338.50,+0.50,"32,076",2020/07  Daily Trading Value/Volume of 2330 
2020/07/08,"33,813,218","11,522,915,649",337.50,342.50,337.50,341.00,+2.50,"16,673",2020/07  Daily Trading Value/Volume of 2330 
2020/07/09,"37,410,376","12,912,747,970",346.00,347.00,343.00,345.00,+4.00,"20,205",2020/07  Daily Trading Value/Volume of 2330 
2020/07/10,"60,902,108","21,298,923,681",352.50,353.00,345.50,348.50,+3.50,"32,227",2020/07  Daily Trading Value/Volume of 2330 
2020/07/13,"49,459,523","17,425,372,488",351.00,354.50,350.50,354.50,+6.00,"23,217",2020/07  Daily Trading Value/Volume of 2330 
2020/07/14,"63,030,150","22,602,878,292",355.00,364.00,354.50,363.50,+9.00,"30,996",2020/07  Daily Trading Value/Volume of 2330 
2020/07/15,"75,105,362","27,486,789,803",366.00,370.00,361.00,363.00,-0.50,"37,607",2020/07  Daily Trading Value/Volume of 2330 
2020/07/16,"68,582,512","24,506,038,172",359.00,361.00,353.50,357.50,-5.50,"35,598",2020/07  Daily Trading Value/Volume of 2330 
2020/07/17,"66,403,485","24,244,495,853",361.00,369.00,360.00,367.00,+9.50,"36,729",2020/07  Daily Trading Value/Volume of 2330 
2020/07/20,"44,940,238","16,487,970,674",370.00,370.00,362.50,366.00,-1.00,"23,335",2020/07  Daily Trading Value/Volume of 2330 
2020/07/21,"64,440,128","24,491,627,162",372.50,387.00,371.50,383.00,+17.00,"40,266",2020/07  Daily Trading Value/Volume of 2330 
2020/07/22,"43,959,670","16,844,625,030",381.00,386.00,379.00,384.00,+1.00,"25,530",2020/07  Daily Trading Value/Volume of 2330 
2020/07/23,"45,397,282","17,302,637,512",382.00,383.00,379.00,381.50,-2.50,"22,916",2020/07  Daily Trading Value/Volume of 2330 
2020/07/24,"90,988,734","35,368,857,726",390.00,395.00,382.00,386.00,+4.50,"45,099",2020/07  Daily Trading Value/Volume of 2330 
2020/07/27,"103,315,640","43,637,877,952",420.50,424.50,416.50,424.50,+38.50,"49,294",2020/07  Daily Trading Value/Volume of 2330 
2020/07/28,"172,157,746","77,804,668,620",464.00,466.50,428.50,435.00,+10.50,"92,239",2020/07  Daily Trading Value/Volume of 2330 
2020/07/29,"88,641,166","37,649,278,004",428.00,431.50,419.50,422.00,-13.00,"53,111",2020/07  Daily Trading Value/Volume of 2330 
2020/07/30,"69,936,949","30,329,225,735",436.50,441.00,428.50,434.00,+12.00,"36,627",2020/07  Daily Trading Value/Volume of 2330 
2020/07/31,"50,484,674","21,567,922,126",426.00,432.00,425.50,425.50,-8.50,"27,653",2020/07  Daily Trading Value/Volume of 2330 
2020/08/03,"77,288,571","32,339,719,000",420.50,424.00,415.00,416.00,-9.50,"43,360",2020/08  Daily Trading Value/Volume of 2330 
2020/08/04,"41,697,445","17,600,499,460",421.50,425.50,418.50,425.50,+9.50,"22,250",2020/08  Daily Trading Value/Volume of 2330 
2020/08/05,"47,460,834","20,356,413,204",430.50,433.50,426.00,429.00,+3.50,"24,715",2020/08  Daily Trading Value/Volume of 2330 
2020/08/06,"43,443,627","18,877,761,758",437.50,438.00,431.00,435.00,+6.00,"22,414",2020/08  Daily Trading Value/Volume of 2330 
2020/08/07,"37,611,388","16,218,241,255",433.50,434.00,428.00,433.00,-2.00,"19,739",2020/08  Daily Trading Value/Volume of 2330 
2020/08/10,"36,067,500","15,674,843,876",427.50,437.50,427.50,435.50,+2.50,"21,342",2020/08  Daily Trading Value/Volume of 2330 
2020/08/11,"34,545,313","14,918,017,903",432.00,435.00,429.00,429.00,-6.50,"20,297",2020/08  Daily Trading Value/Volume of 2330 
2020/08/12,"53,980,474","22,721,731,886",422.00,423.50,419.00,419.00,-10.00,"32,761",2020/08  Daily Trading Value/Volume of 2330 
2020/08/13,"45,669,335","19,514,322,038",428.00,429.00,424.50,429.00,+10.00,"21,499",2020/08  Daily Trading Value/Volume of 2330 
2020/08/14,"24,259,947","10,332,447,763",424.00,428.00,423.00,427.00,-2.00,"12,642",2020/08  Daily Trading Value/Volume of 2330 
2020/08/17,"34,607,731","14,930,831,216",427.00,435.00,425.50,435.00,+8.00,"20,823",2020/08  Daily Trading Value/Volume of 2330 
2020/08/18,"45,504,160","19,824,413,320",440.00,440.50,432.00,433.00,-2.00,"21,119",2020/08  Daily Trading Value/Volume of 2330 
2020/08/19,"31,486,800","13,574,970,200",436.00,436.50,427.50,427.50,-5.50,"18,279",2020/08  Daily Trading Value/Volume of 2330 
2020/08/20,"75,155,235","31,353,886,930",427.00,427.50,401.00,415.00,-12.50,"45,670",2020/08  Daily Trading Value/Volume of 2330 
2020/08/21,"41,956,467","17,770,610,338",421.50,427.00,420.00,424.50,+9.50,"23,059",2020/08  Daily Trading Value/Volume of 2330 
2020/08/24,"49,199,406","21,139,093,710",427.50,434.50,425.00,428.00,+3.50,"24,672",2020/08  Daily Trading Value/Volume of 2330 
2020/08/25,"37,024,899","16,076,146,369",433.50,436.00,430.50,434.50,+6.50,"22,035",2020/08  Daily Trading Value/Volume of 2330 
2020/08/26,"41,406,340","18,169,230,108",435.50,442.00,435.00,442.00,+7.50,"25,305",2020/08  Daily Trading Value/Volume of 2330 
2020/08/27,"57,206,712","25,658,355,402",448.00,453.50,444.00,444.00,+2.00,"31,575",2020/08  Daily Trading Value/Volume of 2330 
2020/08/28,"57,039,210","24,868,453,700",440.00,440.50,431.00,435.00,-9.00,"35,253",2020/08  Daily Trading Value/Volume of 2330 
2020/08/31,"88,569,538","38,106,113,563",437.00,439.50,426.50,426.50,-8.50,"28,294",2020/08  Daily Trading Value/Volume of 2330 
2020/09/01,"50,129,577","21,681,382,412",430.00,435.00,428.00,435.00,+8.50,"17,137",2020/09  Daily Trading Value/Volume of 2330 
2020/09/02,"42,013,407","18,268,716,092",441.00,441.00,430.50,433.00,-2.00,"20,242",2020/09  Daily Trading Value/Volume of 2330 
2020/09/03,"40,683,617","17,768,951,582",439.50,439.50,433.50,436.00,+3.00,"17,810",2020/09  Daily Trading Value/Volume of 2330 
2020/09/04,"51,349,911","22,051,596,821",427.00,432.50,427.00,429.00,-7.00,"27,893",2020/09  Daily Trading Value/Volume of 2330 
2020/09/07,"39,854,584","17,060,627,028",428.00,432.50,425.00,426.00,-3.00,"20,003",2020/09  Daily Trading Value/Volume of 2330 
2020/09/08,"23,714,670","10,208,232,440",428.00,433.00,427.50,431.00,+5.00,"12,440",2020/09  Daily Trading Value/Volume of 2330 
2020/09/09,"40,727,362","17,312,991,408",425.00,428.00,423.00,427.00,-4.00,"21,740",2020/09  Daily Trading Value/Volume of 2330 
2020/09/10,"35,281,921","15,275,112,115",432.50,435.00,430.50,435.00,+8.00,"18,244",2020/09  Daily Trading Value/Volume of 2330 
2020/09/11,"34,893,469","15,171,902,036",435.50,436.50,432.50,436.50,+1.50,"14,647",2020/09  Daily Trading Value/Volume of 2330 
2020/09/14,"39,325,833","17,282,659,859",436.00,442.00,435.50,441.00,+4.50,"19,854",2020/09  Daily Trading Value/Volume of 2330 
2020/09/15,"39,661,449","17,608,049,536",440.50,447.00,439.50,445.00,+4.00,"21,845",2020/09  Daily Trading Value/Volume of 2330 
2020/09/16,"70,608,238","32,379,722,344",460.00,462.00,455.50,458.00,+13.00,"38,172",2020/09  Daily Trading Value/Volume of 2330 
2020/09/17,"44,420,506","20,006,793,320",453.00,455.00,446.50,448.50,X0.00,"26,718",2020/09  Daily Trading Value/Volume of 2330 
2020/09/18,"52,999,922","23,598,268,654",447.00,449.50,443.00,444.00,-4.50,"20,849",2020/09  Daily Trading Value/Volume of 2330 
2020/09/21,"40,193,920","17,842,486,882",443.50,450.00,440.00,440.00,-4.00,"25,834",2020/09  Daily Trading Value/Volume of 2330 
2020/09/22,"36,842,639","16,140,184,501",440.00,441.00,436.00,437.00,-3.00,"22,692",2020/09  Daily Trading Value/Volume of 2330 
2020/09/23,"47,426,963","20,592,831,368",436.00,438.50,432.00,433.50,-3.50,"27,828",2020/09  Daily Trading Value/Volume of 2330 
2020/09/24,"82,510,381","35,076,048,246",425.50,429.00,423.00,423.00,-10.50,"54,922",2020/09  Daily Trading Value/Volume of 2330 
2020/09/25,"41,263,269","17,522,224,043",427.00,428.00,421.00,424.00,+1.00,"23,290",2020/09  Daily Trading Value/Volume of 2330 
2020/09/28,"34,427,479","14,758,341,446",427.00,431.50,424.50,431.50,+7.50,"19,286",2020/09  Daily Trading Value/Volume of 2330 
2020/09/29,"42,730,502","18,419,905,574",432.50,435.00,428.00,431.00,-0.50,"18,647",2020/09  Daily Trading Value/Volume of 2330 
2020/09/30,"28,859,204","12,496,613,056",430.50,435.00,430.50,433.00,+2.00,"14,203",2020/09  Daily Trading Value/Volume of 2330 
2020/10/05,"33,238,832","14,450,407,588",438.00,438.00,431.50,432.50,-0.50,"18,148",2020/10  Daily Trading Value/Volume of 2330 
2020/10/06,"36,276,395","15,935,558,262",441.50,442.00,437.50,439.50,+7.00,"20,189",2020/10  Daily Trading Value/Volume of 2330 
2020/10/07,"44,691,239","19,693,987,093",435.00,445.00,435.00,443.00,+3.50,"24,438",2020/10  Daily Trading Value/Volume of 2330 
2020/10/08,"60,853,811","27,461,867,933",450.00,454.00,448.50,453.00,+10.00,"37,378",2020/10  Daily Trading Value/Volume of 2330 
2020/10/12,"67,645,223","31,061,721,030",458.00,462.00,457.50,460.00,+7.00,"36,118",2020/10  Daily Trading Value/Volume of 2330 
2020/10/13,"46,303,738","21,346,346,714",465.00,465.00,456.50,462.00,+2.00,"25,938",2020/10  Daily Trading Value/Volume of 2330 
2020/10/14,"52,677,241","24,157,138,176",460.50,461.00,457.00,459.00,-3.00,"22,599",2020/10  Daily Trading Value/Volume of 2330 
2020/10/15,"49,987,278","22,668,836,399",456.00,456.50,450.00,453.00,-6.00,"23,794",2020/10  Daily Trading Value/Volume of 2330 
2020/10/16,"48,274,801","21,775,749,575",451.00,456.00,448.50,449.00,-4.00,"26,602",2020/10  Daily Trading Value/Volume of 2330 
2020/10/19,"34,846,906","15,854,021,670",453.00,457.50,451.00,457.50,+8.50,"17,112",2020/10  Daily Trading Value/Volume of 2330 
2020/10/20,"26,567,638","12,065,806,730",455.50,457.00,451.00,451.00,-6.50,"12,725",2020/10  Daily Trading Value/Volume of 2330 
2020/10/21,"29,906,921","13,561,798,906",453.50,456.00,451.00,453.00,+2.00,"15,490",2020/10  Daily Trading Value/Volume of 2330 
2020/10/22,"25,285,547","11,435,937,453",450.00,455.00,449.50,455.00,+2.00,"10,354",2020/10  Daily Trading Value/Volume of 2330 
2020/10/23,"18,777,385","8,516,604,326",458.00,458.00,451.50,452.00,-3.00,"9,909",2020/10  Daily Trading Value/Volume of 2330 
2020/10/26,"15,800,622","7,136,001,014",455.00,455.00,450.00,450.00,-2.00,"17,664",2020/10  Daily Trading Value/Volume of 2330 
2020/10/27,"31,795,010","14,213,282,507",447.50,448.50,445.50,447.00,-3.00,"30,644",2020/10  Daily Trading Value/Volume of 2330 
2020/10/28,"26,221,663","11,660,544,725",445.00,447.00,443.00,444.00,-3.00,"35,598",2020/10  Daily Trading Value/Volume of 2330 
2020/10/29,"43,075,387","18,832,675,652",436.50,439.50,435.50,437.00,-7.00,"55,027",2020/10  Daily Trading Value/Volume of 2330 
2020/10/30,"49,770,771","21,614,729,093",437.00,437.00,432.00,432.00,-5.00,"46,871",2020/10  Daily Trading Value/Volume of 2330 
2020/11/02,"34,539,576","14,901,775,161",433.00,435.50,428.00,435.50,+3.50,"35,704",2020/11  Daily Trading Value/Volume of 2330 
2020/11/03,"31,461,727","13,852,498,196",439.50,443.00,438.00,441.00,+5.50,"21,031",2020/11  Daily Trading Value/Volume of 2330 
2020/11/04,"37,929,652","16,969,841,989",444.50,451.50,443.00,450.00,+9.00,"30,087",2020/11  Daily Trading Value/Volume of 2330 
2020/11/05,"36,539,446","16,404,944,484",451.50,451.50,445.50,451.00,+1.00,"24,764",2020/11  Daily Trading Value/Volume of 2330 
2020/11/06,"32,644,190","14,788,989,058",455.00,455.50,450.00,452.50,+1.50,"20,999",2020/11  Daily Trading Value/Volume of 2330 
2020/11/09,"43,415,670","19,865,414,906",458.00,460.00,454.00,458.50,+6.00,"27,868",2020/11  Daily Trading Value/Volume of 2330 
2020/11/10,"36,786,882","16,610,287,996",452.00,454.50,448.50,451.00,-7.50,"31,009",2020/11  Daily Trading Value/Volume of 2330 
2020/11/11,"40,355,804","18,326,545,251",448.50,457.00,448.50,457.00,+6.00,"23,150",2020/11  Daily Trading Value/Volume of 2330 
2020/11/12,"57,993,774","26,690,353,577",463.00,463.50,457.50,458.00,+1.00,"28,011",2020/11  Daily Trading Value/Volume of 2330 
2020/11/13,"31,483,881","14,478,873,331",459.00,462.00,456.50,462.00,+4.00,"21,663",2020/11  Daily Trading Value/Volume of 2330 
2020/11/16,"83,380,911","39,658,459,663",470.00,484.50,469.00,484.00,+22.00,"67,363",2020/11  Daily Trading Value/Volume of 2330 
2020/11/17,"75,763,870","37,446,278,783",502.00,506.00,485.50,485.50,+1.50,"68,560",2020/11  Daily Trading Value/Volume of 2330 
2020/11/18,"56,607,501","27,883,387,314",490.00,497.00,486.50,497.00,+11.50,"38,186",2020/11  Daily Trading Value/Volume of 2330 
2020/11/19,"47,345,316","23,320,435,165",499.00,499.00,490.00,490.00,-7.00,"40,198",2020/11  Daily Trading Value/Volume of 2330 
2020/11/20,"35,242,579","17,191,897,556",486.00,490.00,486.00,488.00,-2.00,"30,557",2020/11  Daily Trading Value/Volume of 2330 
2020/11/23,"43,708,352","21,661,263,304",494.50,498.50,492.00,496.50,+8.50,"26,794",2020/11  Daily Trading Value/Volume of 2330 
2020/11/24,"38,630,079","19,113,408,398",499.50,500.00,491.50,492.00,-4.50,"34,407",2020/11  Daily Trading Value/Volume of 2330 
2020/11/25,"47,179,640","23,142,083,458",495.00,495.50,487.00,487.00,-5.00,"40,066",2020/11  Daily Trading Value/Volume of 2330 
2020/11/26,"31,844,322","15,606,951,086",489.00,493.50,488.00,489.00,+2.00,"19,587",2020/11  Daily Trading Value/Volume of 2330 
2020/11/27,"35,196,829","17,205,872,680",487.50,492.00,486.50,489.00, 0.00,"21,314",2020/11  Daily Trading Value/Volume of 2330 
2020/11/30,"149,311,778","72,095,050,187",493.00,493.50,480.50,480.50,-8.50,"49,362",2020/11  Daily Trading Value/Volume of 2330 
2020/12/01,"38,341,265","18,719,729,411",489.50,490.00,483.50,490.00,+9.50,"24,827",2020/12  Daily Trading Value/Volume of 2330 
2020/12/02,"60,208,035","29,970,556,095",499.50,500.00,493.50,499.00,+9.00,"35,624",2020/12  Daily Trading Value/Volume of 2330 
2020/12/03,"36,919,644","18,369,786,608",499.50,499.50,495.00,497.00,-2.00,"25,651",2020/12  Daily Trading Value/Volume of 2330 
2020/12/04,"54,471,042","27,307,472,890",498.50,505.00,497.50,503.00,+6.00,"35,708",2020/12  Daily Trading Value/Volume of 2330 
2020/12/07,"45,493,551","23,243,392,840",512.00,515.00,506.00,514.00,+11.00,"34,767",2020/12  Daily Trading Value/Volume of 2330 
2020/12/08,"41,830,257","21,673,267,551",514.00,525.00,509.00,524.00,+10.00,"35,895",2020/12  Daily Trading Value/Volume of 2330 
2020/12/09,"46,831,705","24,416,275,048",521.00,524.00,520.00,520.00,-4.00,"31,749",2020/12  Daily Trading Value/Volume of 2330 
2020/12/10,"43,991,133","22,516,917,355",511.00,515.00,510.00,512.00,-8.00,"49,079",2020/12  Daily Trading Value/Volume of 2330 
2020/12/11,"51,296,611","26,259,941,709",517.00,517.00,505.00,516.00,+4.00,"50,929",2020/12  Daily Trading Value/Volume of 2330 
2020/12/14,"30,809,747","15,703,026,732",512.00,513.00,508.00,508.00,-8.00,"33,415",2020/12  Daily Trading Value/Volume of 2330 
2020/12/15,"43,059,899","21,780,400,998",507.00,510.00,504.00,504.00,-4.00,"43,967",2020/12  Daily Trading Value/Volume of 2330 
2020/12/16,"53,661,282","27,504,184,031",509.00,515.00,507.00,512.00,+8.00,"30,574",2020/12  Daily Trading Value/Volume of 2330 
2020/12/17,"39,285,785","20,052,530,030",515.00,515.00,508.00,508.00,X0.00,"34,785",2020/12  Daily Trading Value/Volume of 2330 
2020/12/18,"40,625,502","20,690,792,789",508.00,512.00,507.00,510.00,+2.00,"20,638",2020/12  Daily Trading Value/Volume of 2330 
2020/12/21,"35,153,138","18,033,402,498",512.00,517.00,508.00,516.00,+6.00,"21,765",2020/12  Daily Trading Value/Volume of 2330 
2020/12/22,"25,632,245","13,125,205,685",512.00,516.00,509.00,509.00,-7.00,"25,973",2020/12  Daily Trading Value/Volume of 2330 
2020/12/23,"18,320,849","9,321,219,765",508.00,511.00,506.00,509.00, 0.00,"16,428",2020/12  Daily Trading Value/Volume of 2330 
2020/12/24,"15,218,008","7,759,366,699",511.00,512.00,508.00,510.00,+1.00,"12,743",2020/12  Daily Trading Value/Volume of 2330 
2020/12/25,"12,581,145","6,449,612,552",514.00,515.00,510.00,511.00,+1.00,"14,988",2020/12  Daily Trading Value/Volume of 2330 
2020/12/28,"19,520,886","10,023,145,125",512.00,515.00,509.00,515.00,+4.00,"16,675",2020/12  Daily Trading Value/Volume of 2330 
2020/12/29,"20,226,736","10,409,159,045",515.00,517.00,513.00,515.00, 0.00,"17,187",2020/12  Daily Trading Value/Volume of 2330 
2020/12/30,"46,705,107","24,306,881,615",516.00,525.00,514.00,525.00,+10.00,"33,173",2020/12  Daily Trading Value/Volume of 2330 
2020/12/31,"31,173,332","16,437,646,054",526.00,530.00,524.00,530.00,+5.00,"25,138",2020/12  Daily Trading Value/Volume of 2330 
2021/01/04,"39,489,959","21,127,581,248",530.00,540.00,528.00,536.00,+6.00,"33,316",2021/01  Daily Trading Value/Volume of 2330 
2021/01/05,"34,839,391","18,761,831,567",536.00,542.00,535.00,542.00,+6.00,"28,512",2021/01  Daily Trading Value/Volume of 2330 
2021/01/06,"55,614,434","30,572,783,229",555.00,555.00,541.00,549.00,+7.00,"55,462",2021/01  Daily Trading Value/Volume of 2330 
2021/01/07,"53,392,763","30,018,630,685",554.00,570.00,553.00,565.00,+16.00,"47,905",2021/01  Daily Trading Value/Volume of 2330 
2021/01/08,"62,957,148","36,339,702,855",580.00,580.00,571.00,580.00,+15.00,"56,426",2021/01  Daily Trading Value/Volume of 2330 
2021/01/11,"52,771,778","30,535,694,908",577.00,584.00,574.00,584.00,+4.00,"49,539",2021/01  Daily Trading Value/Volume of 2330 
2021/01/12,"52,605,212","30,958,142,918",583.00,597.00,582.00,591.00,+7.00,"59,595",2021/01  Daily Trading Value/Volume of 2330 
2021/01/13,"75,707,681","45,419,255,149",595.00,605.00,593.00,605.00,+14.00,"59,966",2021/01  Daily Trading Value/Volume of 2330 
2021/01/14,"90,309,708","53,477,747,672",587.00,597.00,587.00,592.00,-13.00,"111,849",2021/01  Daily Trading Value/Volume of 2330 
2021/01/15,"100,998,199","61,876,473,170",621.00,625.00,601.00,601.00,+9.00,"105,961",2021/01  Daily Trading Value/Volume of 2330 
2021/01/18,"50,388,664","30,406,611,574",608.00,608.00,594.00,607.00,+6.00,"49,008",2021/01  Daily Trading Value/Volume of 2330 
2021/01/19,"52,947,466","32,934,404,720",618.00,632.00,613.00,627.00,+20.00,"55,490",2021/01  Daily Trading Value/Volume of 2330 
2021/01/20,"95,484,470","61,279,319,857",633.00,650.00,631.00,647.00,+20.00,"95,577",2021/01  Daily Trading Value/Volume of 2330 
2021/01/21,"97,590,371","64,624,578,866",640.00,679.00,640.00,673.00,+26.00,"115,004",2021/01  Daily Trading Value/Volume of 2330 
2021/01/22,"134,238,314","88,023,707,664",649.00,665.00,649.00,649.00,-24.00,"235,186",2021/01  Daily Trading Value/Volume of 2330 
2021/01/25,"98,608,285","62,583,576,696",642.00,646.00,626.00,633.00,-16.00,"154,134",2021/01  Daily Trading Value/Volume of 2330 
2021/01/26,"114,797,609","71,638,808,826",632.00,640.00,610.00,617.00,-16.00,"177,764",2021/01  Daily Trading Value/Volume of 2330 
2021/01/27,"72,823,691","44,931,754,892",618.00,625.00,611.00,615.00,-2.00,"77,274",2021/01  Daily Trading Value/Volume of 2330 
2021/01/28,"104,181,514","62,647,021,616",600.00,608.00,598.00,601.00,-14.00,"157,835",2021/01  Daily Trading Value/Volume of 2330 
2021/01/29,"96,875,889","58,399,782,288",619.00,619.00,591.00,591.00,-10.00,"129,394",2021/01  Daily Trading Value/Volume of 2330 
2021/02/01,"70,161,939","42,004,241,697",595.00,612.00,587.00,611.00,+20.00,"81,346",2021/02  Daily Trading Value/Volume of 2330 
2021/02/02,"80,724,207","50,938,461,582",629.00,638.00,622.00,632.00,+21.00,"82,687",2021/02  Daily Trading Value/Volume of 2330 
2021/02/03,"59,763,227","37,926,170,035",638.00,642.00,630.00,630.00,-2.00,"56,515",2021/02  Daily Trading Value/Volume of 2330 
2021/02/04,"47,547,873","29,765,963,971",626.00,632.00,620.00,627.00,-3.00,"44,668",2021/02  Daily Trading Value/Volume of 2330 
2021/02/05,"57,350,831","36,435,290,641",638.00,641.00,631.00,632.00,+5.00,"51,140",2021/02  Daily Trading Value/Volume of 2330 
2021/02/17,"115,578,402","76,728,732,025",663.00,668.00,660.00,663.00,+31.00,"91,925",2021/02  Daily Trading Value/Volume of 2330 
2021/02/18,"54,520,341","36,024,245,089",664.00,665.00,656.00,660.00,-3.00,"49,914",2021/02  Daily Trading Value/Volume of 2330 
2021/02/19,"51,651,844","33,676,514,428",656.00,657.00,647.00,652.00,-8.00,"63,171",2021/02  Daily Trading Value/Volume of 2330 
2021/02/22,"39,512,078","25,885,948,680",660.00,662.00,650.00,650.00,-2.00,"47,116",2021/02  Daily Trading Value/Volume of 2330 
2021/02/23,"52,868,029","33,779,796,222",641.00,643.00,633.00,641.00,-9.00,"73,349",2021/02  Daily Trading Value/Volume of 2330 
2021/02/24,"80,010,637","50,333,904,697",627.00,636.00,625.00,625.00,-16.00,"138,264",2021/02  Daily Trading Value/Volume of 2330 
2021/02/25,"45,279,276","28,634,410,089",636.00,636.00,628.00,635.00,+10.00,"46,506",2021/02  Daily Trading Value/Volume of 2330 
2021/02/26,"137,933,162","84,194,194,399",611.00,618.00,606.00,606.00,-29.00,"212,428",2021/02  Daily Trading Value/Volume of 2330 
2021/03/02,"57,792,973","35,565,213,485",621.00,622.00,609.00,609.00,+3.00,"71,325",2021/03  Daily Trading Value/Volume of 2330 
2021/03/03,"61,171,387","37,550,028,241",609.00,622.00,601.00,622.00,+13.00,"57,677",2021/03  Daily Trading Value/Volume of 2330 
2021/03/04,"75,508,388","45,662,897,489",609.00,611.00,601.00,601.00,-21.00,"143,916",2021/03  Daily Trading Value/Volume of 2330 
2021/03/05,"85,579,527","50,968,119,396",588.00,605.00,584.00,601.00, 0.00,"127,693",2021/03  Daily Trading Value/Volume of 2330 
2021/03/08,"47,676,630","28,737,004,484",608.00,610.00,598.00,598.00,-3.00,"84,570",2021/03  Daily Trading Value/Volume of 2330 
2021/03/09,"74,471,341","43,957,092,621",585.00,595.00,585.00,595.00,-3.00,"119,867",2021/03  Daily Trading Value/Volume of 2330 
2021/03/10,"41,735,443","24,904,320,192",601.00,601.00,593.00,597.00,+2.00,"54,196",2021/03  Daily Trading Value/Volume of 2330 
2021/03/11,"55,462,783","33,584,884,382",596.00,612.00,595.00,609.00,+12.00,"47,948",2021/03  Daily Trading Value/Volume of 2330 
2021/03/12,"33,876,990","20,780,886,905",615.00,618.00,609.00,614.00,+5.00,"36,145",2021/03  Daily Trading Value/Volume of 2330 
2021/03/15,"29,767,904","18,194,081,208",614.00,614.00,609.00,611.00,-3.00,"26,753",2021/03  Daily Trading Value/Volume of 2330 
2021/03/16,"37,780,820","23,074,187,740",610.00,613.00,607.00,613.00,+2.00,"37,573",2021/03  Daily Trading Value/Volume of 2330 
2021/03/17,"43,942,131","26,638,906,800",612.00,612.00,602.00,604.00,X0.00,"68,585",2021/03  Daily Trading Value/Volume of 2330 
2021/03/18,"30,223,846","18,286,667,342",606.00,609.00,602.00,602.00,-2.00,"31,677",2021/03  Daily Trading Value/Volume of 2330 
2021/03/19,"74,960,854","44,407,634,402",594.00,598.00,591.00,591.00,-11.00,"106,938",2021/03  Daily Trading Value/Volume of 2330 
2021/03/22,"35,931,375","21,250,445,678",588.00,598.00,586.00,593.00,+2.00,"55,005",2021/03  Daily Trading Value/Volume of 2330 
2021/03/23,"31,933,358","19,057,386,513",597.00,603.00,593.00,594.00,+1.00,"36,423",2021/03  Daily Trading Value/Volume of 2330 
2021/03/24,"115,318,351","66,559,451,738",571.00,582.00,571.00,576.00,-18.00,"242,138",2021/03  Daily Trading Value/Volume of 2330 
2021/03/25,"74,225,812","42,594,849,855",572.00,581.00,570.00,575.00,-1.00,"115,951",2021/03  Daily Trading Value/Volume of 2330 
2021/03/26,"37,937,242","22,271,364,837",582.00,592.00,580.00,590.00,+15.00,"49,718",2021/03  Daily Trading Value/Volume of 2330 
2021/03/29,"40,573,913","24,302,039,570",599.00,602.00,596.00,599.00,+9.00,"44,500",2021/03  Daily Trading Value/Volume of 2330 
2021/03/30,"34,686,346","20,661,203,325",600.00,600.00,592.00,597.00,-2.00,"46,755",2021/03  Daily Trading Value/Volume of 2330 
2021/03/31,"44,454,672","26,217,366,895",596.00,597.00,587.00,587.00,-10.00,"70,527",2021/03  Daily Trading Value/Volume of 2330 
2021/04/01,"45,972,766","27,520,742,963",598.00,602.00,594.00,602.00,+15.00,"48,170",2021/04  Daily Trading Value/Volume of 2330 
2021/04/06,"37,664,216","23,045,132,094",615.00,616.00,608.00,610.00,+8.00,"42,422",2021/04  Daily Trading Value/Volume of 2330 
2021/04/07,"28,140,964","17,175,949,080",614.00,614.00,608.00,610.00, 0.00,"28,395",2021/04  Daily Trading Value/Volume of 2330 
2021/04/08,"26,658,283","16,217,570,357",606.00,613.00,603.00,613.00,+3.00,"32,098",2021/04  Daily Trading Value/Volume of 2330 
2021/04/09,"31,601,619","19,344,167,081",618.00,618.00,609.00,610.00,-3.00,"28,920",2021/04  Daily Trading Value/Volume of 2330 
2021/04/12,"23,319,822","14,155,495,430",612.00,613.00,603.00,605.00,-5.00,"33,422",2021/04  Daily Trading Value/Volume of 2330 
2021/04/13,"27,386,926","16,638,680,378",604.00,613.00,604.00,605.00, 0.00,"30,438",2021/04  Daily Trading Value/Volume of 2330 
2021/04/14,"31,144,922","18,868,308,243",608.00,612.00,600.00,612.00,+7.00,"41,234",2021/04  Daily Trading Value/Volume of 2330 
2021/04/15,"36,394,255","22,332,532,476",612.00,619.00,607.00,619.00,+7.00,"40,541",2021/04  Daily Trading Value/Volume of 2330 
2021/04/16,"49,952,191","30,335,377,876",610.00,611.00,603.00,610.00,-9.00,"67,601",2021/04  Daily Trading Value/Volume of 2330 
2021/04/19,"25,234,976","15,224,292,755",605.00,607.00,601.00,603.00,-7.00,"43,094",2021/04  Daily Trading Value/Volume of 2330 
2021/04/20,"36,655,069","21,969,721,089",598.00,602.00,595.00,602.00,-1.00,"54,247",2021/04  Daily Trading Value/Volume of 2330 
2021/04/21,"41,893,725","24,933,016,553",599.00,599.00,592.00,592.00,-10.00,"92,840",2021/04  Daily Trading Value/Volume of 2330 
2021/04/22,"38,094,824","22,626,436,436",596.00,598.00,591.00,591.00,-1.00,"64,897",2021/04  Daily Trading Value/Volume of 2330 
2021/04/23,"29,004,756","17,336,162,729",592.00,602.00,590.00,602.00,+11.00,"29,147",2021/04  Daily Trading Value/Volume of 2330 
2021/04/26,"32,426,908","19,673,836,650",605.00,610.00,603.00,610.00,+8.00,"35,286",2021/04  Daily Trading Value/Volume of 2330 
2021/04/27,"26,761,401","16,274,064,043",608.00,611.00,605.00,610.00, 0.00,"25,203",2021/04  Daily Trading Value/Volume of 2330 
2021/04/28,"24,601,487","14,833,592,900",606.00,608.00,601.00,602.00,-8.00,"32,198",2021/04  Daily Trading Value/Volume of 2330 
2021/04/29,"35,756,460","21,579,514,979",609.00,609.00,600.00,600.00,-2.00,"30,756",2021/04  Daily Trading Value/Volume of 2330 
2021/05/03,"46,801,189","27,676,378,065",595.00,597.00,588.00,588.00,-12.00,"104,468",2021/05  Daily Trading Value/Volume of 2330 
2021/05/04,"45,507,479","26,756,714,081",588.00,594.00,582.00,591.00,+3.00,"69,833",2021/05  Daily Trading Value/Volume of 2330 
2021/05/05,"31,786,592","18,603,594,408",594.00,594.00,585.00,585.00,-6.00,"52,496",2021/05  Daily Trading Value/Volume of 2330 
2021/05/06,"33,165,446","19,405,281,385",590.00,590.00,580.00,587.00,+2.00,"69,578",2021/05  Daily Trading Value/Volume of 2330 
2021/05/07,"28,719,597","17,131,817,777",594.00,600.00,589.00,599.00,+12.00,"30,063",2021/05  Daily Trading Value/Volume of 2330 
2021/05/10,"21,365,583","12,626,811,276",596.00,597.00,588.00,589.00,-10.00,"43,154",2021/05  Daily Trading Value/Volume of 2330 
2021/05/11,"66,035,839","37,939,364,597",579.00,580.00,570.00,571.00,-18.00,"184,838",2021/05  Daily Trading Value/Volume of 2330 
2021/05/12,"138,328,672","76,325,765,887",567.00,571.00,518.00,560.00,-11.00,"223,058",2021/05  Daily Trading Value/Volume of 2330 
2021/05/13,"71,519,430","39,495,488,180",547.00,563.00,541.00,547.00,-13.00,"105,026",2021/05  Daily Trading Value/Volume of 2330 
2021/05/14,"38,625,148","21,474,513,930",556.00,562.00,552.00,557.00,+10.00,"52,919",2021/05  Daily Trading Value/Volume of 2330 
2021/05/17,"58,446,847","32,066,868,553",544.00,558.00,541.00,549.00,-8.00,"76,808",2021/05  Daily Trading Value/Volume of 2330 
2021/05/18,"44,584,258","25,226,153,189",563.00,573.00,555.00,572.00,+23.00,"52,152",2021/05  Daily Trading Value/Volume of 2330 
2021/05/19,"29,610,174","16,832,735,286",571.00,572.00,565.00,567.00,-5.00,"34,443",2021/05  Daily Trading Value/Volume of 2330 
2021/05/20,"36,605,692","20,670,883,290",567.00,571.00,560.00,567.00, 0.00,"32,301",2021/05  Daily Trading Value/Volume of 2330 
2021/05/21,"28,009,899","16,016,851,343",572.00,577.00,568.00,573.00,+6.00,"27,050",2021/05  Daily Trading Value/Volume of 2330 
2021/05/24,"15,981,036","9,090,836,697",570.00,572.00,566.00,568.00,-5.00,"20,189",2021/05  Daily Trading Value/Volume of 2330 
2021/05/25,"35,445,350","20,525,932,956",576.00,584.00,573.00,583.00,+15.00,"39,032",2021/05  Daily Trading Value/Volume of 2330 
2021/05/26,"19,555,305","11,433,686,898",587.00,588.00,581.00,585.00,+2.00,"21,034",2021/05  Daily Trading Value/Volume of 2330 
2021/05/27,"70,061,002","40,643,804,852",580.00,582.00,573.00,582.00,-3.00,"37,545",2021/05  Daily Trading Value/Volume of 2330 
2021/05/28,"30,720,737","18,082,265,480",587.00,592.00,582.00,590.00,+8.00,"31,581",2021/05  Daily Trading Value/Volume of 2330 
2021/05/31,"31,557,426","18,751,716,595",595.00,597.00,590.00,597.00,+7.00,"29,798",2021/05  Daily Trading Value/Volume of 2330 
2021/06/01,"18,405,285","10,985,893,229",598.00,599.00,595.00,598.00,+1.00,"20,318",2021/06  Daily Trading Value/Volume of 2330 
2021/06/02,"22,416,789","13,362,065,937",600.00,600.00,593.00,595.00,-3.00,"25,170",2021/06  Daily Trading Value/Volume of 2330 
2021/06/03,"31,703,679","18,939,839,664",600.00,600.00,596.00,596.00,+1.00,"20,749",2021/06  Daily Trading Value/Volume of 2330 
2021/06/04,"16,072,580","9,521,252,157",591.00,595.00,590.00,595.00,-1.00,"19,112",2021/06  Daily Trading Value/Volume of 2330 
2021/06/07,"17,729,179","10,471,176,330",594.00,595.00,583.00,592.00,-3.00,"25,364",2021/06  Daily Trading Value/Volume of 2330 
2021/06/08,"14,083,552","8,312,653,665",590.00,595.00,588.00,589.00,-3.00,"14,051",2021/06  Daily Trading Value/Volume of 2330 
2021/06/09,"21,575,159","12,618,113,390",586.00,588.00,583.00,586.00,-3.00,"36,405",2021/06  Daily Trading Value/Volume of 2330 
2021/06/10,"29,741,770","17,696,413,894",591.00,599.00,587.00,599.00,+13.00,"30,487",2021/06  Daily Trading Value/Volume of 2330 
2021/06/11,"24,940,705","15,011,140,567",602.00,603.00,600.00,602.00,+3.00,"25,271",2021/06  Daily Trading Value/Volume of 2330 
2021/06/15,"30,245,897","18,415,370,774",607.00,609.00,606.00,609.00,+7.00,"33,515",2021/06  Daily Trading Value/Volume of 2330 
2021/06/16,"28,624,508","17,401,326,587",608.00,608.00,605.00,605.00,-4.00,"25,816",2021/06  Daily Trading Value/Volume of 2330 
2021/06/17,"26,477,032","15,924,656,516",601.00,606.00,598.00,606.00,X0.00,"21,061",2021/06  Daily Trading Value/Volume of 2330 
2021/06/18,"42,036,170","25,373,026,235",608.00,608.00,601.00,603.00,-3.00,"16,899",2021/06  Daily Trading Value/Volume of 2330 
2021/06/21,"47,339,695","27,749,202,661",590.00,594.00,583.00,583.00,-20.00,"109,204",2021/06  Daily Trading Value/Volume of 2330 
2021/06/22,"30,578,091","17,786,329,582",585.00,588.00,578.00,578.00,-5.00,"56,057",2021/06  Daily Trading Value/Volume of 2330 
2021/06/23,"36,386,023","21,500,052,844",583.00,598.00,581.00,595.00,+17.00,"34,454",2021/06  Daily Trading Value/Volume of 2330 
2021/06/24,"19,322,765","11,435,647,488",598.00,598.00,588.00,590.00,-5.00,"18,494",2021/06  Daily Trading Value/Volume of 2330 
2021/06/25,"19,140,086","11,355,715,486",598.00,598.00,589.00,591.00,+1.00,"16,850",2021/06  Daily Trading Value/Volume of 2330 
2021/06/28,"15,401,977","9,056,869,217",590.00,590.00,586.00,590.00,-1.00,"20,825",2021/06  Daily Trading Value/Volume of 2330 
2021/06/29,"30,837,548","18,350,027,611",598.00,598.00,591.00,595.00,+5.00,"24,078",2021/06  Daily Trading Value/Volume of 2330 
2021/06/30,"34,021,380","20,301,841,661",599.00,599.00,595.00,595.00, 0.00,"20,097",2021/06  Daily Trading Value/Volume of 2330 
2021/07/01,"18,719,706","11,116,195,742",596.00,597.00,591.00,593.00,-2.00,"20,565",2021/07  Daily Trading Value/Volume of 2330 
2021/07/02,"19,633,718","11,562,140,245",590.00,593.00,587.00,588.00,-5.00,"24,056",2021/07  Daily Trading Value/Volume of 2330 
2021/07/05,"30,274,105","17,957,255,325",588.00,597.00,588.00,591.00,+3.00,"21,836",2021/07  Daily Trading Value/Volume of 2330 
2021/07/06,"13,830,591","8,185,167,307",595.00,596.00,589.00,592.00,+1.00,"15,751",2021/07  Daily Trading Value/Volume of 2330 
2021/07/07,"17,329,148","10,250,342,169",590.00,594.00,588.00,594.00,+2.00,"18,023",2021/07  Daily Trading Value/Volume of 2330 
2021/07/08,"21,596,183","12,733,045,117",595.00,595.00,588.00,588.00,-6.00,"23,352",2021/07  Daily Trading Value/Volume of 2330 
2021/07/09,"30,602,492","17,821,338,170",582.00,585.00,580.00,584.00,-4.00,"51,232",2021/07  Daily Trading Value/Volume of 2330 
2021/07/12,"33,011,596","19,612,592,644",595.00,597.00,590.00,593.00,+9.00,"28,636",2021/07  Daily Trading Value/Volume of 2330 
2021/07/13,"54,894,335","33,158,730,436",600.00,608.00,599.00,607.00,+14.00,"60,121",2021/07  Daily Trading Value/Volume of 2330 
2021/07/14,"39,670,241","24,276,719,505",613.00,615.00,608.00,613.00,+6.00,"43,173",2021/07  Daily Trading Value/Volume of 2330 
2021/07/15,"23,057,868","14,117,908,308",613.00,614.00,608.00,614.00,+1.00,"29,913",2021/07  Daily Trading Value/Volume of 2330 
2021/07/16,"61,882,128","36,562,482,701",591.00,595.00,588.00,589.00,-25.00,"86,192",2021/07  Daily Trading Value/Volume of 2330 
2021/07/19,"43,248,966","25,135,531,384",583.00,584.00,578.00,582.00,-7.00,"86,753",2021/07  Daily Trading Value/Volume of 2330 
2021/07/20,"16,352,855","9,502,338,666",579.00,584.00,579.00,581.00,-1.00,"27,956",2021/07  Daily Trading Value/Volume of 2330 
2021/07/21,"26,476,215","15,440,430,690",586.00,586.00,580.00,585.00,+4.00,"32,757",2021/07  Daily Trading Value/Volume of 2330 
2021/07/22,"27,075,950","16,014,166,571",589.00,594.00,587.00,591.00,+6.00,"23,365",2021/07  Daily Trading Value/Volume of 2330 
2021/07/23,"15,705,191","9,206,201,715",592.00,592.00,583.00,585.00,-6.00,"23,635",2021/07  Daily Trading Value/Volume of 2330 
2021/07/26,"22,442,745","13,089,591,086",591.00,591.00,580.00,580.00,-5.00,"37,826",2021/07  Daily Trading Value/Volume of 2330 
2021/07/27,"18,925,325","10,997,959,654",581.00,584.00,580.00,580.00, 0.00,"20,197",2021/07  Daily Trading Value/Volume of 2330 
2021/07/28,"39,744,486","22,884,618,824",576.00,579.00,573.00,579.00,-1.00,"75,078",2021/07  Daily Trading Value/Volume of 2330 
2021/07/29,"25,014,772","14,525,643,464",585.00,585.00,577.00,583.00,+4.00,"26,868",2021/07  Daily Trading Value/Volume of 2330 
2021/07/30,"26,141,286","15,170,421,873",581.00,582.00,578.00,580.00,-3.00,"16,353",2021/07  Daily Trading Value/Volume of 2330 
2021/08/02,"24,948,096","14,593,329,483",583.00,590.00,580.00,590.00,+10.00,"19,791",2021/08  Daily Trading Value/Volume of 2330 
2021/08/03,"28,104,984","16,655,446,605",594.00,594.00,590.00,594.00,+4.00,"20,221",2021/08  Daily Trading Value/Volume of 2330 
2021/08/04,"23,714,971","14,132,827,829",598.00,598.00,594.00,596.00,+2.00,"18,228",2021/08  Daily Trading Value/Volume of 2330 
2021/08/05,"15,673,765","9,343,887,536",598.00,598.00,593.00,596.00, 0.00,"15,495",2021/08  Daily Trading Value/Volume of 2330 
2021/08/06,"13,994,018","8,275,142,201",596.00,596.00,588.00,591.00,-5.00,"13,742",2021/08  Daily Trading Value/Volume of 2330 
2021/08/09,"17,611,955","10,366,798,182",590.00,595.00,583.00,595.00,+4.00,"15,068",2021/08  Daily Trading Value/Volume of 2330 
2021/08/10,"17,620,825","10,435,618,093",596.00,596.00,589.00,591.00,-4.00,"13,983",2021/08  Daily Trading Value/Volume of 2330 
2021/08/11,"20,311,399","11,943,131,619",590.00,590.00,585.00,590.00,-1.00,"18,548",2021/08  Daily Trading Value/Volume of 2330 
2021/08/12,"16,031,265","9,383,967,628",586.00,588.00,584.00,586.00,-4.00,"15,202",2021/08  Daily Trading Value/Volume of 2330 
2021/08/13,"25,440,973","14,769,155,709",585.00,585.00,579.00,581.00,-5.00,"36,198",2021/08  Daily Trading Value/Volume of 2330 
2021/08/16,"19,949,389","11,612,486,234",582.00,586.00,578.00,584.00,+3.00,"17,055",2021/08  Daily Trading Value/Volume of 2330 
2021/08/17,"31,845,499","18,475,506,150",580.00,582.00,578.00,580.00,-4.00,"19,184",2021/08  Daily Trading Value/Volume of 2330 
2021/08/18,"47,063,629","26,855,353,529",568.00,575.00,566.00,574.00,-6.00,"86,118",2021/08  Daily Trading Value/Volume of 2330 
2021/08/19,"42,133,375","23,766,228,074",573.00,573.00,559.00,559.00,-15.00,"119,048",2021/08  Daily Trading Value/Volume of 2330 
2021/08/20,"47,741,449","26,565,551,162",560.00,563.00,551.00,552.00,-7.00,"72,684",2021/08  Daily Trading Value/Volume of 2330 
2021/08/23,"34,775,337","19,688,362,857",560.00,572.00,559.00,566.00,+14.00,"30,421",2021/08  Daily Trading Value/Volume of 2330 
2021/08/24,"27,397,309","15,697,269,609",574.00,575.00,571.00,572.00,+6.00,"21,032",2021/08  Daily Trading Value/Volume of 2330 
2021/08/25,"28,867,651","16,769,849,402",579.00,585.00,574.00,585.00,+13.00,"29,096",2021/08  Daily Trading Value/Volume of 2330 
2021/08/26,"45,027,320","26,834,160,811",601.00,603.00,591.00,594.00,+9.00,"42,735",2021/08  Daily Trading Value/Volume of 2330 
2021/08/27,"29,459,532","17,596,859,741",596.00,600.00,593.00,599.00,+5.00,"31,217",2021/08  Daily Trading Value/Volume of 2330 
2021/08/30,"40,606,821","24,425,472,555",602.00,605.00,599.00,605.00,+6.00,"43,096",2021/08  Daily Trading Value/Volume of 2330 
2021/08/31,"58,916,407","35,867,753,009",604.00,614.00,598.00,614.00,+9.00,"46,791",2021/08  Daily Trading Value/Volume of 2330 
2021/09/01,"31,242,788","19,126,702,297",614.00,614.00,608.00,613.00,-1.00,"30,125",2021/09  Daily Trading Value/Volume of 2330 
2021/09/02,"26,715,492","16,341,803,689",613.00,615.00,607.00,607.00,-6.00,"26,153",2021/09  Daily Trading Value/Volume of 2330 
2021/09/03,"53,915,006","33,278,648,609",610.00,620.00,610.00,620.00,+13.00,"62,288",2021/09  Daily Trading Value/Volume of 2330 
2021/09/06,"59,223,061","37,250,623,087",623.00,638.00,621.00,631.00,+11.00,"77,024",2021/09  Daily Trading Value/Volume of 2330 
2021/09/07,"27,422,775","17,191,259,166",634.00,634.00,623.00,623.00,-8.00,"29,823",2021/09  Daily Trading Value/Volume of 2330 
2021/09/08,"38,713,621","23,960,375,113",622.00,627.00,612.00,619.00,-4.00,"38,267",2021/09  Daily Trading Value/Volume of 2330 
2021/09/09,"19,309,522","11,886,107,760",612.00,620.00,610.00,619.00, 0.00,"19,569",2021/09  Daily Trading Value/Volume of 2330 
2021/09/10,"16,740,439","10,365,721,937",615.00,623.00,614.00,622.00,+3.00,"17,067",2021/09  Daily Trading Value/Volume of 2330 
2021/09/13,"15,809,768","9,734,528,161",619.00,620.00,613.00,615.00,-7.00,"21,779",2021/09  Daily Trading Value/Volume of 2330 
2021/09/14,"16,024,935","9,849,961,184",618.00,618.00,612.00,613.00,-2.00,"13,569",2021/09  Daily Trading Value/Volume of 2330 
2021/09/15,"26,041,452","15,872,971,715",610.00,613.00,607.00,607.00,-6.00,"24,839",2021/09  Daily Trading Value/Volume of 2330 
2021/09/16,"23,315,040","14,030,697,248",603.00,607.00,599.00,600.00,X0.00,"31,437",2021/09  Daily Trading Value/Volume of 2330 
2021/09/17,"42,383,815","25,510,152,115",600.00,610.00,599.00,600.00, 0.00,"18,681",2021/09  Daily Trading Value/Volume of 2330 
2021/09/22,"42,732,169","25,056,693,727",586.00,589.00,583.00,586.00,-14.00,"70,389",2021/09  Daily Trading Value/Volume of 2330 
2021/09/23,"22,736,266","13,406,035,166",588.00,593.00,588.00,588.00,+2.00,"22,991",2021/09  Daily Trading Value/Volume of 2330 
2021/09/24,"17,302,848","10,289,114,839",591.00,598.00,590.00,598.00,+10.00,"15,796",2021/09  Daily Trading Value/Volume of 2330 
2021/09/27,"20,034,221","11,993,300,562",600.00,602.00,593.00,602.00,+4.00,"16,349",2021/09  Daily Trading Value/Volume of 2330 
2021/09/28,"17,325,896","10,291,543,822",595.00,596.00,592.00,594.00,-8.00,"16,496",2021/09  Daily Trading Value/Volume of 2330 
2021/09/29,"51,834,124","30,040,354,500",580.00,583.00,577.00,580.00,-14.00,"95,024",2021/09  Daily Trading Value/Volume of 2330 
2021/09/30,"36,318,623","21,054,651,328",580.00,585.00,575.00,580.00, 0.00,"32,973",2021/09  Daily Trading Value/Volume of 2330 
2021/10/01,"39,006,124","22,368,447,571",579.00,579.00,571.00,574.00,-6.00,"78,088",2021/10  Daily Trading Value/Volume of 2330 
2021/10/04,"22,288,138","12,741,914,919",574.00,575.00,569.00,572.00,-2.00,"42,147",2021/10  Daily Trading Value/Volume of 2330 
2021/10/05,"36,063,650","20,406,526,124",562.00,572.00,560.00,572.00, 0.00,"56,678",2021/10  Daily Trading Value/Volume of 2330 
2021/10/06,"33,989,379","19,345,468,774",573.00,574.00,565.00,571.00,-1.00,"53,606",2021/10  Daily Trading Value/Volume of 2330 
2021/10/07,"28,480,400","16,458,019,782",575.00,582.00,572.00,580.00,+9.00,"23,304",2021/10  Daily Trading Value/Volume of 2330 
2021/10/08,"22,601,904","13,051,944,932",582.00,583.00,573.00,575.00,-5.00,"24,157",2021/10  Daily Trading Value/Volume of 2330 
2021/10/12,"27,126,088","15,455,194,493",570.00,575.00,564.00,575.00, 0.00,"32,210",2021/10  Daily Trading Value/Volume of 2330 
2021/10/13,"19,267,437","11,006,807,040",572.00,575.00,570.00,571.00,-4.00,"18,050",2021/10  Daily Trading Value/Volume of 2330 
2021/10/14,"14,270,641","8,213,170,376",579.00,579.00,573.00,573.00,+2.00,"14,814",2021/10  Daily Trading Value/Volume of 2330 
2021/10/15,"55,305,252","32,878,638,999",592.00,600.00,586.00,600.00,+27.00,"61,088",2021/10  Daily Trading Value/Volume of 2330 
2021/10/18,"19,753,943","11,802,365,489",604.00,604.00,590.00,590.00,-10.00,"21,353",2021/10  Daily Trading Value/Volume of 2330 
2021/10/19,"18,709,936","11,196,540,994",598.00,600.00,593.00,600.00,+10.00,"20,482",2021/10  Daily Trading Value/Volume of 2330 
2021/10/20,"17,537,878","10,527,701,553",603.00,604.00,597.00,598.00,-2.00,"16,410",2021/10  Daily Trading Value/Volume of 2330 
2021/10/21,"16,882,324","10,116,911,921",602.00,603.00,595.00,596.00,-2.00,"17,599",2021/10  Daily Trading Value/Volume of 2330 
2021/10/22,"14,236,279","8,520,299,817",600.00,602.00,594.00,600.00,+4.00,"12,812",2021/10  Daily Trading Value/Volume of 2330 
2021/10/25,"17,724,968","10,518,554,968",597.00,597.00,590.00,593.00,-7.00,"16,139",2021/10  Daily Trading Value/Volume of 2330 
2021/10/26,"27,047,187","16,169,131,795",595.00,600.00,593.00,599.00,+6.00,"13,081",2021/10  Daily Trading Value/Volume of 2330 
2021/10/27,"16,260,278","9,708,715,733",598.00,599.00,594.00,599.00, 0.00,"12,042",2021/10  Daily Trading Value/Volume of 2330 
2021/10/28,"16,927,154","10,066,068,774",598.00,598.00,591.00,595.00,-4.00,"15,065",2021/10  Daily Trading Value/Volume of 2330 
2021/10/29,"27,684,673","16,352,758,906",595.00,596.00,589.00,590.00,-5.00,"19,937",2021/10  Daily Trading Value/Volume of 2330 
2021/11/01,"17,110,357","10,107,402,871",591.00,593.00,590.00,590.00, 0.00,"13,798",2021/11  Daily Trading Value/Volume of 2330 
2021/11/02,"16,544,999","9,808,608,554",594.00,597.00,590.00,592.00,+2.00,"11,662",2021/11  Daily Trading Value/Volume of 2330 
2021/11/03,"11,404,984","6,773,439,607",597.00,597.00,592.00,592.00, 0.00,"8,934",2021/11  Daily Trading Value/Volume of 2330 
2021/11/04,"18,888,245","11,112,246,412",592.00,594.00,585.00,587.00,-5.00,"22,171",2021/11  Daily Trading Value/Volume of 2330 
2021/11/05,"35,086,799","20,974,569,571",598.00,600.00,595.00,600.00,+13.00,"31,929",2021/11  Daily Trading Value/Volume of 2330 
2021/11/08,"20,886,897","12,544,595,323",600.00,602.00,598.00,602.00,+2.00,"17,964",2021/11  Daily Trading Value/Volume of 2330 
2021/11/09,"42,340,785","25,935,652,781",611.00,617.00,610.00,611.00,+9.00,"42,855",2021/11  Daily Trading Value/Volume of 2330 
2021/11/10,"18,518,512","11,303,615,778",611.00,612.00,608.00,612.00,+1.00,"19,147",2021/11  Daily Trading Value/Volume of 2330 
2021/11/11,"20,257,792","12,225,622,771",600.00,606.00,600.00,606.00,-6.00,"16,140",2021/11  Daily Trading Value/Volume of 2330 
